id,type,description,date,time,latitude,longitude,location,severity
1,theft,Smartphone theft,2024-03-15,14:30,28.6139,77.2090,"Connaught Place, Delhi",2
2,harassment,Verbal harassment,2024-03-10,20:15,28.6304,77.2177,"Chandni Chowk, Delhi",1
3,assault,Physical assault,2024-02-28,23:45,28.5355,77.2410,"Lajpat Nagar, Delhi",3
4,robbery,Purse snatching,2024-03-05,18:20,28.5183,77.1828,"Saket, Delhi",2
5,theft,Vehicle theft,2024-03-01,03:30,28.6129,77.2295,"Karol Bagh, Delhi",2
6,stalking,Followed for multiple blocks,2024-03-12,19:45,28.6380,77.1923,"Rajouri Garden, Delhi",2
7,assault,Group assault,2024-02-20,01:15,28.5921,77.0460,"Dwarka, Delhi",3
8,theft,Property theft,2024-03-18,12:30,28.5535,77.2588,"Greater Kailash, Delhi",1
9,harassment,Eve teasing,2024-03-14,17:25,28.6427,77.1192,"Pitampura, Delhi",1
10,theft,Home burglary,2024-03-20,02:15,18.9220,72.8347,"Colaba, Mumbai",2
11,harassment,Workplace harassment,2024-03-08,11:00,19.0177,72.8563,"Bandra, Mumbai",2
12,assault,Domestic violence,2024-02-25,22:30,19.0760,72.8777,"Andheri, Mumbai",3
13,robbery,Chain snatching,2024-03-03,19:45,18.9691,72.8193,"Worli, Mumbai",2
14,stalking,Digital stalking,2024-03-11,14:20,19.1136,72.9081,"Powai, Mumbai",1
15,assault,Road rage incident,2024-02-15,18:30,12.9784,77.6408,"Indiranagar, Bengaluru",2
16,theft,Laptop theft,2024-03-17,13:10,12.9716,77.5946,"Koramangala, Bengaluru",2
17,harassment,Public harassment,2024-03-07,21:00,12.9352,77.6245,"HSR Layout, Bengaluru",1
18,assault,Physical confrontation,2024-02-18,23:50,13.0206,77.6479,"HRBR Layout, Bengaluru",3
19,robbery,ATM robbery,2024-03-02,22:15,13.0098,77.5511,"Malleshwaram, Bengaluru",3
20,theft,Pickpocketing,2024-03-22,10:30,22.5726,88.3639,"Park Street, Kolkata",1
21,assault,Physical assault,2024-02-27,01:20,22.5958,88.3476,"Howrah, Kolkata",3
22,stalking,Followed in public transport,2024-03-09,08:45,22.5475,88.3403,"Bhowanipore, Kolkata",2
23,harassment,Verbal intimidation,2024-03-13,19:15,22.6139,88.4195,"Salt Lake, Kolkata",1
24,robbery,Armed robbery,2024-03-01,23:40,17.3850,78.4867,"Hitech City, Hyderabad",3
25,theft,Vehicle parts theft,2024-03-16,02:50,17.4399,78.4983,"Secunderabad, Hyderabad",2
26,harassment,Online harassment,2024-03-05,15:25,17.4121,78.4289,"Banjara Hills, Hyderabad",1
27,assault,Group violence,2024-02-22,21:10,17.3616,78.4747,"Gachibowli, Hyderabad",3
28,stalking,Persistent following,2024-03-10,18:35,13.0827,80.2707,"Anna Nagar, Chennai",2
29,theft,Shoplifting,2024-03-19,16:20,13.0569,80.2425,"T. Nagar, Chennai",1
30,assault,Domestic abuse,2024-02-26,20:05,13.0098,80.2339,"Mylapore, Chennai",3